股票名称,股票代码
N甘源,'002991
华神科技,'000790
北玻股份,'002613
华灿光电,'300323
金风科技,'002202
农尚环境,'300536
图南股份,'300855
银禧科技,'300221
华林证券,'002945
星云股份,'300648
博晖创新,'300318
中亚股份,'300512
奇正藏药,'002287
科思股份,'300856
鼎捷软件,'300378
中环装备,'300140
美盛文化,'002699
宁波东力,'002164
南京公用,'000421
申昊科技,'300853
科拓生物,'300858
英特集团,'000411
焦点科技,'002315
阳普医疗,'300030
万邦德,'002082
乐歌股份,'300729
协创数据,'300857
三超新材,'300554
东软载波,'300183
光启技术,'002625
万里马,'300591
凯撒文化,'002425
国立科技,'300716
东方锆业,'002167
中水渔业,'000798
东莞控股,'000828
天原集团,'002386
太阳能,'000591
景峰医药,'000908
龙泉股份,'002671
锦龙股份,'000712
信维通信,'300136
领益智造,'002600
新强联,'300850
聚飞光电,'300303
顺络电子,'002138
宣亚国际,'300612
鸿路钢构,'002541
佳云科技,'300242
经纬辉开,'300120
易明医药,'002826
银之杰,'300085
泰禾集团,'000732
东山精密,'002384
云南铜业,'000878
塔牌集团,'002233
天铁股份,'300587
易联众,'300096
居然之家,'000785
双一科技,'300690
泰林生物,'300813
深桑达Ａ,'000032
沃森生物,'300142
飞亚达,'000026
四环生物,'000518
名臣健康,'002919
戴维医疗,'300314
恩捷股份,'002812
星徽精密,'300464
智动力,'300686
冰山冷热,'000530
盐 田 港,'000088
三鑫医疗,'300453
纳思达,'002180
洲明科技,'300232
兴业科技,'002674
甘肃电投,'000791
运达股份,'300772
金力泰,'300225
创意信息,'300366
安 纳 达,'002136
安靠智电,'300617
歌尔股份,'002241
安洁科技,'002635
海联金汇,'002537
隆盛科技,'300680
七彩化学,'300758
彩讯股份,'300634
昌红科技,'300151
金达威,'002626
顺利办,'000606
津膜科技,'300334
立思辰,'300010
朗科科技,'300042
精研科技,'300709
博杰股份,'002975
*ST金洲,'000587
穗恒运Ａ,'000531
北方华创,'002371
首都在线,'300846
康力电梯,'002367
壹网壹创,'300792
光韵达,'300227
天华超净,'300390
荣丰控股,'000668
盛天网络,'300494
永新股份,'002014
顶固集创,'300749
*ST兆新,'002256
安居宝,'300155
*ST飞马,'002210
东宝生物,'300239
欣旺达,'300207
环球印务,'002799
雪人股份,'002639
ST海马,'000572
*ST华塑,'000509
*ST融捷,'002192
深圳机场,'000089
恒通科技,'300374
百润股份,'002568
*ST节能,'000820
岭南控股,'000524
康芝药业,'300086
梅安森,'300275
指南针,'300803
金卡智能,'300349
润和软件,'300339
赛升药业,'300485
獐子岛,'002069
富煌钢构,'002743
亚太药业,'002370
川能动力,'000155
漫步者,'002351
佛山照明,'000541
佳禾智能,'300793
坚朗五金,'002791
慈星股份,'300307
中光防雷,'300414
古鳌科技,'300551
华明装备,'002270
翰宇药业,'300199
苏州固锝,'002079
鹏鼎控股,'002938
新宁物流,'300013
*ST天娱,'002354
贵州轮胎,'000589
东南网架,'002135
金字火腿,'002515
新莱应材,'300260
恒久科技,'002808
天龙集团,'300063
鄂武商Ａ,'000501
三夫户外,'002780
闽发铝业,'002578
水晶光电,'002273
*ST大洲,'000571
荣盛石化,'002493
瑞普生物,'300119
汉嘉设计,'300746
诚志股份,'000990
天润工业,'002283
光力科技,'300480
深南股份,'002417
科信技术,'300565
蓝思科技,'300433
恺英网络,'002517
爱施德,'002416
宇晶股份,'002943
创新医疗,'002173
福晶科技,'002222
安诺其,'300067
美康生物,'300439
西藏矿业,'000762
金雷股份,'300443
*ST雅博,'002323
立讯精密,'002475
汤臣倍健,'300146
南  玻Ａ,'000012
ST生物,'000504
东方钽业,'000962
汇纳科技,'300609
天顺风能,'002531
北斗星通,'002151
富安娜,'002327
新城市,'300778
特一药业,'002728
筑博设计,'300564
盛视科技,'002990
海得控制,'002184
美达股份,'000782
新光药业,'300519
美盈森,'002303
川恒股份,'002895
大族激光,'002008
同花顺,'300033
沃尔核材,'002130
万兴科技,'300624
永福股份,'300712
萃华珠宝,'002731
广博股份,'002103
祥鑫科技,'002965
新开普,'300248
巨星科技,'002444
浩丰科技,'300419
华阳国际,'002949
*ST中华A,'000017
欧菲光,'002456
吴通控股,'300292
吉宏股份,'002803
常铝股份,'002160
阳光股份,'000608
丰原药业,'000153
长盈精密,'300115
湖南黄金,'002155
云南旅游,'002059
创源文化,'300703
安车检测,'300572
宗申动力,'001696
国盛金控,'002670
华铭智能,'300462
聚龙股份,'300202
松芝股份,'002454
宁德时代,'300750
江苏雷利,'300660
世名科技,'300522
奇信股份,'002781
长信科技,'300088
金科文化,'300459
安妮股份,'002235
*ST金宇,'000803
光弘科技,'300735
广百股份,'002187
康华生物,'300841
凯文教育,'002659
*ST金鸿,'000669
长虹美菱,'000521
省广集团,'002400
卫宁健康,'300253
中润资源,'000506
广联达,'002410
*ST华映,'000536
新产业,'300832
天龙光电,'300029
胜宏科技,'300476
银泰黄金,'000975
海大集团,'002311
恒信东方,'300081
鼎汉技术,'300011
飞荣达,'300602
国星光电,'002449
西安旅游,'000610
东易日盛,'002713
广和通,'300638
深振业Ａ,'000006
海能实业,'300787
山河药辅,'300452
中青宝,'300052
中船汉光,'300847
泰胜风能,'300129
丝路视觉,'300556
华峰超纤,'300180
濮阳惠成,'300481
裕同科技,'002831
上海莱士,'002252
爱乐达,'300696
安奈儿,'002875
嘉事堂,'002462
通达股份,'002560
中科创达,'300496
浩物股份,'000757
乾照光电,'300102
厦门信达,'000701
长亮科技,'300348
超华科技,'002288
中坚科技,'002779
瑞丰光电,'300241
瀛通通讯,'002861
国科微,'300672
*ST东电,'000585
豪迈科技,'002595
皮阿诺,'002853
越秀金控,'000987
我武生物,'300357
美的集团,'000333
飞凯材料,'300398
金盾股份,'300411
科华恒盛,'002335
华仁药业,'300110
三七互娱,'002555
浙江美大,'002677
亿纬锂能,'300014
华伍股份,'300095
长川科技,'300604
久远银海,'002777
青松股份,'300132
麦捷科技,'300319
旷达科技,'002516
兆驰股份,'002429
陇神戎发,'300534
惠威科技,'002888
平潭发展,'000592
万年青,'000789
*ST群兴,'002575
三诺生物,'300298
新易盛,'300502
理邦仪器,'300206
盛达资源,'000603
中飞股份,'300489
杭锅股份,'002534
中文在线,'300364
文化长城,'300089
冠昊生物,'300238
丽江股份,'002033
电光科技,'002730
云内动力,'000903
索菲亚,'002572
*ST胜尔,'000890
*ST西发,'000752
赛摩智能,'300466
京山轻机,'000821
长青集团,'002616
铜陵有色,'000630
华锦股份,'000059
东华测试,'300354
众生药业,'002317
古井贡酒,'000596
广电计量,'002967
真视通,'002771
长城证券,'002939
锐明技术,'002970
好利来,'002729
步 步 高,'002251
电连技术,'300679
汇金科技,'300561
江丰电子,'300666
新劲刚,'300629
京泉华,'002885
川金诺,'300505
路通视信,'300555
平治信息,'300571
三花智控,'002050
重药控股,'000950
王子新材,'002735
巨人网络,'002558
九安医疗,'002432
深 赛 格,'000058
荣科科技,'300290
国光电器,'002045
瑞特股份,'300600
小熊电器,'002959
瑞凌股份,'300154
横店东磁,'002056
共达电声,'002655
值得买,'300785
五洋停车,'300420
菲利华,'300395
阳光电源,'300274
富瀚微,'300613
亚厦股份,'002375
京东方Ａ,'000725
盈峰环境,'000967
双星新材,'002585
赛意信息,'300687
智飞生物,'300122
*ST聚力,'002247
冰轮环境,'000811
金浦钛业,'000545
南京聚隆,'300644
齐心集团,'002301
天孚通信,'300394
佳讯飞鸿,'300213
欣天科技,'300615
国海证券,'000750
宇信科技,'300674
苏常柴Ａ,'000570
雅本化学,'300261
伟星股份,'002003
*ST升达,'002259
天津普林,'002134
深信服,'300454
中设股份,'002883
数字认证,'300579
得润电子,'002055
华西证券,'002926
浙矿股份,'300837
奥维通信,'002231
每日互动,'300766
裕兴股份,'300305
中粮资本,'002423
雷曼光电,'300162
周大生,'002867
中新赛克,'002912
高斯贝尔,'002848
星辉娱乐,'300043
联创电子,'002036
东方财富,'300059
盐津铺子,'002847
庄园牧场,'002910
兴瑞科技,'002937
明阳电路,'300739
胜蓝股份,'300843
伊戈尔,'002922
坚瑞沃能,'300116
博腾股份,'300363
奥飞数据,'300738
青农商行,'002958
芒果超媒,'300413
扬杰科技,'300373
杭州园林,'300649
中大力德,'002896
南极电商,'002127
深科技,'000021
优德精密,'300549
中环环保,'300692
漳泽电力,'000767
卓胜微,'300782
星网锐捷,'002396
联化科技,'002250
信立泰,'002294
杭氧股份,'002430
同和药业,'300636
张家界,'000430
紫天科技,'300280
丰元股份,'002805
露笑科技,'002617
朝阳科技,'002981
森霸传感,'300701
网宿科技,'300017
光华科技,'002741
蓝色光标,'300058
理工光科,'300557
聆达股份,'300125
友讯达,'300514
四通新材,'300428
大烨智能,'300670
瑞达期货,'002961
四方精创,'300468
深华发Ａ,'000020
华兰生物,'002007
正邦科技,'002157
迈瑞医疗,'300760
米奥会展,'300795
鞍重股份,'002667
ST毅昌,'002420
联发股份,'002394
广田集团,'002482
高盟新材,'300200
华天科技,'002185
游族网络,'002174
亿利达,'002686
三雄极光,'300625
兴齐眼药,'300573
广东甘化,'000576
高乐股份,'002348
*ST宝实,'000595
开能健康,'300272
宋城演艺,'300144
粤桂股份,'000833
爱司凯,'300521
艾比森,'300389
广宇发展,'000537
超声电子,'000823
良信电器,'002706
电广传媒,'000917
宝新能源,'000690
深康佳Ａ,'000016
国药一致,'000028
兔 宝 宝,'002043
银宝山新,'002786
三五互联,'300051
常山北明,'000158
合力泰,'002217
盛讯达,'300518
罗博特科,'300757
中环股份,'002129
万达信息,'300168
航天电器,'002025
中达安,'300635
高伟达,'300465
富满电子,'300671
陕西金叶,'000812
贝达药业,'300558
滨海能源,'000695
乐心医疗,'300562
神宇股份,'300563
微光股份,'002801
德联集团,'002666
移为通信,'300590
仁东控股,'002647
联建光电,'300269
五方光电,'002962
视觉中国,'000681
紫光学大,'000526
科蓝软件,'300663
国元证券,'000728
好想你,'002582
兴森科技,'002436
滨江集团,'002244
通达动力,'002576
宝莱特,'300246
西安饮食,'000721
荃银高科,'300087
海王生物,'000078
银江股份,'300020
高鸿股份,'000851
长高集团,'002452
金新农,'002548
奥士康,'002913
建艺集团,'002789
科力尔,'002892
视源股份,'002841
亚太科技,'002540
信邦制药,'002390
汉王科技,'002362
潮宏基,'002345
捷捷微电,'300623
银信科技,'300231
达威股份,'300535
名家汇,'300506
*ST联络,'002280
海川智能,'300720
东方日升,'300118
奥联电子,'300585
威创股份,'002308
佳隆股份,'002495
亚联发展,'002316
硕贝德,'300322
达实智能,'002421
金运激光,'300220
万润股份,'002643
智度股份,'000676
美丽生态,'000010
中国中期,'000996
科创新源,'300731
纳尔股份,'002825
天赐材料,'002709
中际旭创,'300308
光环新网,'300383
金一文化,'002721
国联水产,'300094
英派斯,'002899
腾信股份,'300392
阿石创,'300706
金龙机电,'300032
景嘉微,'300474
沪宁股份,'300669
奥拓电子,'002587
新北洋,'002376
药石科技,'300725
佳发教育,'300559
国脉科技,'002093
太辰光,'300570
芭田股份,'002170
南大光电,'300346
田中精机,'300461
蓝海华腾,'300484
上海新阳,'300236
英唐智控,'300131
张家港行,'002839
第一创业,'002797
超频三,'300647
昂利康,'002940
思美传媒,'002712
同大股份,'300321
掌趣科技,'300315
银轮股份,'002126
宜安科技,'300328
海鸥住工,'002084
姚记科技,'002605
科大讯飞,'002230
中京电子,'002579
东方嘉盛,'002889
联得装备,'300545
蓝帆医疗,'002382
精准信息,'300099
华星创业,'300025
光正集团,'002524
博思软件,'300525
芯瑞达,'002983
深物业A,'000011
西部证券,'002673
华软科技,'002453
汇金股份,'300368
中山金马,'300756
中山公用,'000685
华天酒店,'000428
紫光国微,'002049
珈伟新能,'300317
欧普康视,'300595
捷成股份,'300182
德力股份,'002571
新开源,'300109
奥瑞金,'002701
北纬科技,'002148
吉艾科技,'300309
华闻集团,'000793
京天利,'300399
ST步森,'002569
楚天科技,'300358
赣锋锂业,'002460
天虹股份,'002419
新宙邦,'300037
朗玛信息,'300288
横河模具,'300539
思源电气,'002028
天地数码,'300743
联合光电,'300691
中能电气,'300062
深圳能源,'000027
聚灿光电,'300708
华森制药,'002907
中成股份,'000151
梦洁股份,'002397
长缆科技,'002879
国风塑业,'000859
晶澳科技,'002459
世纪天鸿,'300654
华工科技,'000988
伟星新材,'002372
金杯电工,'002533
东方通,'300379
江海股份,'002484
斯莱克,'300382
钱江摩托,'000913
中国长城,'000066
博实股份,'002698
锐科激光,'300747
德生科技,'002908
辉煌科技,'002296
传艺科技,'002866
日海智能,'002313
嘉应制药,'002198
激智科技,'300566
众应互联,'002464
天泽信息,'300209
锡业股份,'000960
胜利股份,'000407
柘中股份,'002346
吉林化纤,'000420
宝馨科技,'002514
力源信息,'300184
长江证券,'000783
广信材料,'300537
龙蟒佰利,'002601
光迅科技,'002281
上峰水泥,'000672
帝尔激光,'300776
*ST晨鑫,'002447
软控股份,'002073
洪汇新材,'002802
东北证券,'000686
山东章鼓,'002598
联创股份,'300343
银河电子,'002519
西菱动力,'300733
拓维信息,'002261
雄韬股份,'002733
科瑞技术,'002957
万丰奥威,'002085
元隆雅图,'002878
富森美,'002818
国恩股份,'002768
中金岭南,'000060
澄天伟业,'300689
智光电气,'002169
深南电路,'002916
未名医药,'002581
永利股份,'300230
辰安科技,'300523
迅游科技,'300467
侨银环保,'002973
佳创视讯,'300264
利亚德,'300296
利民股份,'002734
凯伦股份,'300715
赢时胜,'300377
华宏科技,'002645
艾格拉斯,'002619
东港股份,'002117
中嘉博创,'000889
开山股份,'300257
英维克,'002837
宝利国际,'300135
中交地产,'000736
精测电子,'300567
罗欣药业,'002793
中油资本,'000617
安泰科技,'000969
开尔新材,'300234
桂林旅游,'000978
中欣氟材,'002915
仟源医药,'300254
迪威迅,'300167
迪森股份,'300335
天玑科技,'300245
兴蓉环境,'000598
快意电梯,'002774
中原传媒,'000719
明牌珠宝,'002574
生 意 宝,'002095
远 望 谷,'002161
长方集团,'300301
南国置业,'002305
凯莱英,'002821
旗天科技,'300061
ST中科创,'002290
贝因美,'002570
北方国际,'000065
世纪鼎利,'300050
海伦钢琴,'300329
智能自控,'002877
恒宝股份,'002104
沪电股份,'002463
金利华电,'300069
ST中基,'000972
紫光股份,'000938
开立医疗,'300633
台基股份,'300046
山西证券,'002500
*ST雪莱,'002076
安硕信息,'300380
中兴通讯,'000063
东旭光电,'000413
圣邦股份,'300661
鲁西化工,'000830
方直科技,'300235
双林股份,'300100
科创信息,'300730
冰川网络,'300533
澳洋健康,'002172
新 大 陆,'000997
泰嘉股份,'002843
万马科技,'300698
棒杰股份,'002634
怡 亚 通,'002183
诚迈科技,'300598
华阳集团,'002906
浪潮信息,'000977
惠天热电,'000692
圣阳股份,'002580
中石科技,'300684
茂硕电源,'002660
科斯伍德,'300192
贝斯美,'300796
峨眉山Ａ,'000888
雅克科技,'002409
莱宝高科,'002106
宏川智慧,'002930
楚江新材,'002171
二三四五,'002195
东富龙,'300171
山东威达,'002026
东旭蓝天,'000040
TCL科技,'000100
神开股份,'002278
兆日科技,'300333
依米康,'300249
北京君正,'300223
厚普股份,'300471
常山药业,'300255
五 粮 液,'000858
粤 水 电,'002060
恒铭达,'002947
汉威科技,'300007
太极股份,'002368
*ST索菱,'002766
贤丰控股,'002141
*ST海源,'002529
神州信息,'000555
熙菱信息,'300588
伟隆股份,'002871
宇瞳光学,'300790
先锋电子,'002767
中元股份,'300018
特锐德,'300001
鸿博股份,'002229
锋龙股份,'002931
强力新材,'300429
任子行,'300311
明德生物,'002932
鸿利智汇,'300219
久其软件,'002279
太钢不锈,'000825
中天金融,'000540
郑中设计,'002811
秀强股份,'300160
长航凤凰,'000520
幸福蓝海,'300528
金银河,'300619
*ST夏利,'000927
易天股份,'300812
力盛赛车,'002858
赛象科技,'002337
京威股份,'002662
美格智能,'002881
欢瑞世纪,'000892
广发证券,'000776
苏交科,'300284
全志科技,'300458
东方网力,'300367
普洛药业,'000739
陕国投Ａ,'000563
双杰电气,'300444
光莆股份,'300632
云意电气,'300304
新联电子,'002546
*ST藏格,'000408
苏大维格,'300331
数知科技,'300038
三晖电气,'002857
长虹华意,'000404
万润科技,'002654
金轮股份,'002722
碧水源,'300070
智云股份,'300097
华平股份,'300074
先进数通,'300541
华中数控,'300161
正海生物,'300653
中广核技,'000881
东方国信,'300166
神州数码,'000034
汉得信息,'300170
捷佳伟创,'300724
鹏辉能源,'300438
同益股份,'300538
华瑞股份,'300626
三环集团,'300408
科大智能,'300222
德恩精工,'300780
科安达,'002972
太安堂,'002433
川大智胜,'002253
中顺洁柔,'002511
超图软件,'300036
方大集团,'000055
威星智能,'002849
国轩高科,'002074
恒逸石化,'000703
炬华科技,'300360
中科金财,'002657
西部建设,'002302
矩子科技,'300802
达华智能,'002512
三维工程,'002469
湖北广电,'000665
捷荣技术,'002855
华虹计通,'300330
金奥博,'002917
飞力达,'300240
新朋股份,'002328
中创环保,'300056
东方盛虹,'000301
高科石化,'002778
金发拉比,'002762
今飞凯达,'002863
中天精装,'002989
四维图新,'002405
隆利科技,'300752
浙江众成,'002522
高新兴,'300098
新农股份,'002942
中富通,'300560
和佳医疗,'300273
国信证券,'002736
力星股份,'300421
ST南糖,'000911
星星科技,'300256
捷顺科技,'002609
英杰电气,'300820
兰州黄河,'000929
奥 特 迅,'002227
大富科技,'300134
罗平锌电,'002114
远大控股,'000626
中通客车,'000957
海洋王,'002724
美利云,'000815
博云新材,'002297
榕基软件,'002474
鸿合科技,'002955
拉卡拉,'300773
兆丰股份,'300695
国民技术,'300077
民德电子,'300656
中科电气,'300035
智慧松德,'300173
深圳华强,'000062
科达利,'002850
凌霄泵业,'002884
卓翼科技,'002369
斯迪克,'300806
润欣科技,'300493
电工合金,'300697
金安国纪,'002636
万隆光电,'300710
奥普光电,'002338
浩云科技,'300448
汇源通信,'000586
赛微电子,'300456
崇达技术,'002815
会畅通讯,'300578
中光学,'002189
唐源电气,'300789
百邦科技,'300736
证通电子,'002197
吉大通信,'300597
东土科技,'300353
北部湾港,'000582
金莱特,'002723
东华软件,'002065
华金资本,'000532
凯利泰,'300326
恒实科技,'300513
恒锋信息,'300605
贝仕达克,'300822
双塔食品,'002481
劲拓股份,'300400
思特奇,'300608
隆平高科,'000998
智莱科技,'300771
九典制药,'300705
天顺股份,'002800
日丰股份,'002953
盛弘股份,'300693
德赛电池,'000049
新媒股份,'300770
爱尔眼科,'300015
京北方,'002987
左江科技,'300799
康泰医学,'300869
杰美特,'300868
圣元环保,'300867
安克创新,'300866
大宏立,'300865
卡倍亿,'300863
蓝盾光电,'300862
美畅股份,'300861
锋尚文化,'300860
西域旅游,'300859
创业黑马,'300688
杰恩设计,'300668
扬帆新材,'300637
深冷股份,'300540
维宏股份,'300508
暴风集团,'300431
正业科技,'300410
欣泰退,'300372
安控科技,'300370
绿盟科技,'300369
天翔环境,'300362
光一科技,'300356
华鹏飞,'300350
太空智造,'300344
海达股份,'300320
汉鼎宇佑,'300300
蓝盾股份,'300297
初灵信息,'300250
拓尔思,'300229
千山药机,'300216
美亚柏科,'300188
大华农,'300186
四方达,'300179
天瑞仪器,'300165
神雾退,'300156
世纪瑞尔,'300150
锦富技术,'300128
龙源技术,'300105
乐视退,'300104
盛运退,'300090
海默科技,'300084
GQY视讯,'300076
豫金刚石,'300064
金亚退,'300028
中国广核,'003816
天地在线,'002995
奥海科技,'002993
宝明科技,'002992
郑州银行,'002936
佛燃能源,'002911
宇环数控,'002903
香山股份,'002870
弘亚数控,'002833
江阴银行,'002807
蓝黛传动,'002765
世龙实业,'002748
爱迪尔,'002740
*ST欧浦,'002711
浙江世宝,'002703
ST浩源,'002700
ST远程,'002692
*ST奋达,'002681
长生退,'002680
珠江钢琴,'002678
首航高科,'002665
ST摩登,'002656
*ST勤上,'002638
龙力退,'002604
世纪华通,'002602
东方铁塔,'002545
天茂退,'002509
老板电器,'002508
搜于特,'002503
*ST辉丰,'002496
通鼎互联,'002491
雏鹰退,'002477
宝莫股份,'002476
青龙管业,'002457
*ST康得,'002450
*ST中南,'002445
*ST尤夫,'002427
*ST康盛,'002418
宏创控股,'002379
国创高新,'002377
*ST北讯,'002359
*ST赫美,'002356
北京科锐,'002350
巨力索具,'002342
英威腾,'002334
ST罗普,'002333
世联行,'002285
*ST德奥,'002260
大华股份,'002236
江南化工,'002226
海 利 得,'002206
ST巴士,'002188
广电运通,'002152
通润装备,'002150
印纪退,'002143
*ST科陆,'002121
*ST天润,'002113
三钢闽光,'002110
ST冠福,'002102
众和退,'002070
浙江交科,'002061
华信退,'002018
东信和平,'002017
盾安环境,'002011
*ST皇台,'000995
中弘退,'000979
中原油气,'000956
*ST凯迪,'000939
神火股份,'000933
福星股份,'000926
华北高速,'000916
津滨发展,'000897
天山股份,'000877
扬子石化,'000866
财信发展,'000838
*ST龙涤,'000832
*ST长兴,'000827
启迪环境,'000826
辽河油田,'000817
铁岭新城,'000809
*ST银河,'000806
*ST炎黄,'000805
*ST盐湖,'000792
*ST创智,'000787
*ST平能,'000780
甘咨询,'000779
新兴铸管,'000778
*ST大菲,'000769
*ST华信,'000765
锦州石化,'000763
*ST斯太,'000760
锌业股份,'000751
长城信息,'000748
*ST环保,'000730
S*ST佳纸,'000699
华泽退,'000693
ST宏业,'000689
恒天海龙,'000677
ST银山,'000675
*ST盈方,'000670
*ST永林,'000663
*ST南华,'000660
珠海中富,'000659
ST海洋,'000658
ST九州,'000653
顺发恒业,'000631
吉林敖东,'000623
*ST比特,'000621
吉林化工,'000618
金马集团,'000602
国恒退,'000594
PT粤金曼,'000588
S*ST托普,'000583
盐湖集团,'000578
长城股份,'000569
供销大集,'000564
宏源证券,'000562
PT南洋,'000556
S湘火炬,'000549
TCL通讯,'000542
*ST猴王,'000535
美的电器,'000527
白云山A,'000522
荣安地产,'000517
攀渝钛业,'000515
烯碳退,'000511
琼民源A,'000508
山东路桥,'000498
ST宜化,'000422
小天鹅A,'000418
渤海租赁,'000415
ST五环,'000412
石油大明,'000406
ST鑫光,'000405
深天马Ａ,'000050
ST中侨,'000047
泛海控股,'000046
中国天楹,'000035
新都退,'000033
深深房Ａ,'000029
招商地产,'000024
神城A退,'000018
PT中浩A,'000015
*ST石化A,'000013
PT金田A,'000003
三只松鼠,'300783
光库科技,'300620
先导智能,'300450
锐新科技,'300828
红相股份,'300427
欣锐科技,'300745
富祥药业,'300497
英搏尔,'300681
雪榕生物,'300511
凯撒旅业,'000796
中远海科,'002401
万通智控,'300643
蠡湖股份,'300694
容大感光,'300576
三利谱,'002876
上能电气,'300827
华数传媒,'000156
金太阳,'300606
通光线缆,'300265
远光软件,'002063
西麦食品,'002956
盈趣科技,'002925
经纬纺机,'000666
立昂技术,'300603
海思科,'002653
轴研科技,'002046
科新机电,'300092
三维通信,'002115
申科股份,'002633
焦作万方,'000612
晓程科技,'300139
万讯自控,'300112
嘉美包装,'002969
东晶电子,'002199
美尚生态,'300495
天源迪科,'300047
荣盛发展,'002146
天音控股,'000829
天奇股份,'002009
科士达,'002518
益盛药业,'002566
富奥股份,'000030
北京文化,'000802
星帅尔,'002860
电科院,'300215
惠城环保,'300779
启迪设计,'300500
盛路通信,'002446
广东鸿图,'002101
汇川技术,'300124
宇新股份,'002986
力生制药,'002393
亿通科技,'300211
江苏国泰,'002091
华宇软件,'300271
梦网集团,'002123
闽东电力,'000993
科隆股份,'300405
渤海股份,'000605
华统股份,'002840
豪尔赛,'002963
天和防务,'300397
雪迪龙,'002658
和远气体,'002971
新晨科技,'300542
天邑股份,'300504
海波重科,'300517
晶盛机电,'300316
石基信息,'002153
实丰文化,'002862
亚世光电,'002952
瑞和股份,'002620
拓邦股份,'002139
三盛教育,'300282
齐峰新材,'002521
申万宏源,'000166
创业慧康,'300451
传化智联,'002010
招商蛇口,'001979
杭州高新,'300478
森源电气,'002358
威唐工业,'300707
招商港口,'001872
皖通科技,'002331
协鑫能科,'002015
东北制药,'000597
联诚精密,'002921
和晶科技,'300279
飞鹿股份,'300665
通产丽星,'002243
天能重工,'300569
新 华 都,'002264
东方电子,'000682
今天国际,'300532
朗进科技,'300594
百川股份,'002455
华辰装备,'300809
常宝股份,'002478
青岛银行,'002948
通程控股,'000419
御银股份,'002177
盘龙药业,'002864
英飞拓,'002528
浙江永强,'002489
武汉凡谷,'002194
韵达股份,'002120
宏润建设,'002062
国农科技,'000004
*ST秦机,'000837
金溢科技,'002869
新金路,'000510
兴业矿业,'000426
安道麦A,'000553
美联新材,'300586
昆仑万维,'300418
博士眼镜,'300622
茂化实华,'000637
吉峰科技,'300022
朗新科技,'300682
佛慈制药,'002644
思创医惠,'300078
天健集团,'000090
广弘控股,'000529
ST地矿,'000409
天齐锂业,'002466
德赛西威,'002920
拓日新能,'002218
皖能电力,'000543
渝 开 发,'000514
顺丰控股,'002352
成都路桥,'002628
湖南投资,'000548
聚光科技,'300203
意华股份,'002897
通宇通讯,'002792
湘潭电化,'002125
集泰股份,'002909
万马股份,'002276
大洋电机,'002249
力合科技,'300800
千方科技,'002373
迪普科技,'300768
海伦哲,'300201
万  科Ａ,'000002
山西路桥,'000755
新野纺织,'002087
湖北能源,'000883
中兵红箭,'000519
日上集团,'002593
星源材质,'300568
华茂股份,'000850
招商公路,'001965
春兴精工,'002547
万安科技,'002590
香雪制药,'300147
同有科技,'300302
本钢板材,'000761
佐力药业,'300181
景兴纸业,'002067
九 芝 堂,'000989
易尚展示,'002751
亚威股份,'002559
达 意 隆,'002209
中核科技,'000777
锐奇股份,'300126
洪涛股份,'002325
天宇股份,'300702
广宇集团,'002133
嘉欣丝绸,'002404
天际股份,'002759
桂林三金,'002275
比音勒芬,'002832
派瑞股份,'300831
ST南风,'000737
金财互联,'002530
集智股份,'300553
张  裕Ａ,'000869
数源科技,'000909
广州浪奇,'000523
华自科技,'300490
富临精工,'300432
延江股份,'300658
顾地科技,'002694
三特索道,'002159
中核钛白,'002145
世纪星源,'000005
*ST鼎龙,'002502
海螺型材,'000619
路畅科技,'002813
七 匹 狼,'002029
广生堂,'300436
惠程科技,'002168
新筑股份,'002480
德方纳米,'300769
三德科技,'300515
中信国安,'000839
新时达,'002527
和顺电气,'300141
中联重科,'000157
科泰电源,'300153
乔治白,'002687
鼎龙股份,'300054
希努尔,'002485
四川美丰,'000731
恒星科技,'002132
鞍钢股份,'000898
万顺新材,'300057
文科园林,'002775
建科机械,'300823
大东南,'002263
中工国际,'002051
ST人乐,'002336
中粮科技,'000930
东方电热,'300217
三六五网,'300295
旋极信息,'300324
东杰智能,'300486
鹏鹞环保,'300664
跃岭股份,'002725
民生控股,'000416
耐普矿机,'300818
粤 传 媒,'002181
德尔未来,'002631
科华生物,'002022
ST双环,'000707
万孚生物,'300482
京新药业,'002020
恒大高新,'002591
美力科技,'300611
青岛双星,'000599
中国海诚,'002116
鲍斯股份,'300441
东方精工,'002611
中宠股份,'002891
大庆华科,'000985
富瑞特装,'300228
运达科技,'300440
金明精机,'300281
卫 士 通,'002268
厦门港务,'000905
冀东水泥,'000401
朗科智能,'300543
上海钢联,'300226
雄帝科技,'300546
闰土股份,'002440
大立科技,'002214
盈康生命,'300143
多喜爱,'002761
丹邦科技,'002618
嘉凯城,'000918
利尔化学,'002258
云南锗业,'002428
牧原股份,'002714
海能达,'002583
普邦股份,'002663
特  力Ａ,'000025
阳 光 城,'000671
爱仕达,'002403
博彦科技,'002649
金丹科技,'300829
中威电子,'300270
富邦股份,'300387
延华智能,'002178
河钢股份,'000709
完美世界,'002624
海宁皮城,'002344
巴安水务,'300262
赢合科技,'300457
邦讯技术,'300312
潍柴重机,'000880
华媒控股,'000607
攀钢钒钛,'000629
华谊嘉信,'300071
华通热力,'002893
泰达股份,'000652
国新健康,'000503
银星能源,'000862
沙钢股份,'002075
岱勒新材,'300700
聚隆科技,'300475
博济医药,'300404
新元科技,'300472
太阳电缆,'002300
瑞康医药,'002589
中矿资源,'002738
国林科技,'300786
龙洲股份,'002682
黄山胶囊,'002817
金陵体育,'300651
浙商中拓,'000906
合金投资,'000633
申通快递,'002468
可立克,'002782
南风股份,'300004
恒立实业,'000622
隆华科技,'300263
全 聚 德,'002186
永东股份,'002753
建新股份,'300107
麦达数字,'002137
岳阳兴长,'000819
铭普光磁,'002902
巨轮智能,'002031
设研院,'300732
凯龙股份,'002783
振东制药,'300158
嘉麟杰,'002486
正元智慧,'300645
*ST蓝丰,'002513
东华能源,'002221
正虹科技,'000702
红墙股份,'002809
辉隆股份,'002556
燕塘乳业,'002732
乐普医疗,'300003
东方雨虹,'002271
棕榈股份,'002431
宏达高科,'002144
南兴股份,'002757
葵花药业,'002737
皇庭国际,'000056
天茂集团,'000627
汇洁股份,'002763
*ST围海,'002586
现代投资,'000900
平安银行,'000001
中原内配,'002448
赛隆药业,'002898
华孚时尚,'002042
雷迪克,'300652
沧州明珠,'002108
沃施股份,'300483
中装建设,'002822
ST天圣,'002872
洁美科技,'002859
金禾实业,'002597
雅化集团,'002497
佰奥智能,'300836
康强电子,'002119
北信源,'300352
宜华健康,'000150
晨化股份,'300610
创元科技,'000551
中旗股份,'300575
浔兴股份,'002098
广哈通信,'300711
方正电机,'002196
*ST天马,'002122
宁波银行,'002142
优博讯,'300531
大悦城,'000031
尚荣医疗,'002551
华控赛格,'000068
威海广泰,'002111
新亚制程,'002388
久之洋,'300516
孚日股份,'002083
天保基建,'000965
清水源,'300437
华源控股,'002787
顺灏股份,'002565
南方轴承,'002553
江龙船艇,'300589
中化岩土,'002542
德展健康,'000813
金洲管道,'002443
新乡化纤,'000949
德艺文创,'300640
哈尔斯,'002615
金时科技,'002951
金 融 街,'000402
汉缆股份,'002498
湘佳股份,'002982
*ST科林,'002499
杰赛科技,'002544
百洋股份,'002696
云铝股份,'000807
贝斯特,'300580
瑞尔特,'002790
久量股份,'300808
润邦股份,'002483
南岭民爆,'002096
安利股份,'300218
金石亚药,'300434
海德股份,'000567
黑猫股份,'002068
宝鹰股份,'002047
中科三环,'000970
大博医疗,'002901
易事特,'300376
新天科技,'300259
荣之联,'002642
国祯环保,'300388
乐凯新材,'300446
震安科技,'300767
宁波华翔,'002048
顺网科技,'300113
万邦达,'300055
美锦能源,'000723
国统股份,'002205
深纺织Ａ,'000045
回天新材,'300041
双箭股份,'002381
莱茵生物,'002166
多氟多,'002407
风华高科,'000636
报 喜 鸟,'002154
太龙照明,'300650
川润股份,'002272
新能泰山,'000720
北京利尔,'002392
温氏股份,'300498
永贵电器,'300351
太阳纸业,'002078
万达电影,'002739
吉药控股,'300108
新文化,'300336
科锐国际,'300662
泸天化,'000912
通富微电,'002156
福安药业,'300194
城发环境,'000885
*ST金正,'002470
江苏神通,'002438
新 和 成,'002001
新国都,'300130
河钢资源,'000923
泰尔股份,'002347
华西股份,'000936
凯恩股份,'002012
天晟新材,'300169
合康新能,'300048
神州高铁,'000008
二六三,'002467
贵州百灵,'002424
紫鑫药业,'002118
粤宏远Ａ,'000573
天威视讯,'002238
*ST金贵,'002716
川环科技,'300547
利君股份,'002651
摩恩电气,'002451
苏奥传感,'300507
溢多利,'300381
长盛轴承,'300718
润建股份,'002929
海亮股份,'002203
*ST利源,'002501
漳州发展,'000753
清新环境,'002573
九鼎新材,'002201
东方中科,'002819
首钢股份,'000959
岭南股份,'002717
丽鹏股份,'002374
苏州银行,'002966
中利集团,'002309
飞利信,'300287
*ST东网,'002175
蒙草生态,'300355
ST慧业,'000816
蓝晓科技,'300487
新诺威,'300765
南山控股,'002314
西山煤电,'000983
鱼跃医疗,'002223
*ST 中绒,'000982
三联虹普,'300384
电声股份,'300805
中国宝安,'000009
建投能源,'000600
通源石油,'300164
京汉股份,'000615
三变科技,'002112
德威新材,'300325
*ST高升,'000971
黑芝麻,'000716
上海凯宝,'300039
弘高创意,'002504
莱茵体育,'000558
大通燃气,'000593
奥佳华,'002614
海信家电,'000921
海联讯,'300277
雷柏科技,'002577
蓝焰控股,'000968
中洲控股,'000042
豫能控股,'001896
和而泰,'002402
聚杰微纤,'300819
佳士科技,'300193
永和智控,'002795
开润股份,'300577
三泰控股,'002312
亚太股份,'002284
鹏翎股份,'300375
久吾高科,'300631
龙津药业,'002750
天沃科技,'002564
和仁科技,'300550
中电环保,'300172
渝三峡Ａ,'000565
冀东装备,'000856
华帝股份,'002035
*ST友谊,'000679
长源电力,'000966
*ST众泰,'000980
浙江震元,'000705
石化机械,'000852
惠博普,'002554
精功科技,'002006
东方园林,'002310
金城医药,'300233
华昌化工,'002274
一品红,'300723
华东医药,'000963
东方能源,'000958
数字政通,'300075
山推股份,'000680
数码科技,'300079
徐家汇,'002561
永兴材料,'002756
德尔股份,'300473
佛塑科技,'000973
科融环境,'300152
深大通,'000038
豪美新材,'002988
维业股份,'300621
*ST德豪,'002005
沃华医药,'002107
全新好,'000007
海特高新,'002023
众业达,'002441
三丰智能,'300276
金龙羽,'002882
日发精机,'002520
同为股份,'002835
罗莱生活,'002293
大禹节水,'300021
远大智能,'002689
宜通世纪,'300310
山东墨龙,'002490
粤高速Ａ,'000429
普路通,'002769
柳    工,'000528
科远智慧,'002380
拓斯达,'300607
华侨城Ａ,'000069
和科达,'002816
万和电气,'002543
友阿股份,'002277
赛托生物,'300583
润禾材料,'300727
ST天首,'000611
达刚控股,'300103
隆基机械,'002363
冀中能源,'000937
华致酒行,'300755
新兴装备,'002933
绿康生化,'002868
比亚迪,'002594
凤形股份,'002760
帝欧家居,'002798
中迪投资,'000609
苏宁环球,'000718
北新建材,'000786
弘信电子,'300657
长荣股份,'300195
海兰信,'300065
涪陵榨菜,'002507
远东传动,'002406
瑞泰科技,'002066
怡达股份,'300721
华铁股份,'000976
安科瑞,'300286
神州泰岳,'300002
红旗连锁,'002697
陕天然气,'002267
南天信息,'000948
麦克奥迪,'300341
顺鑫农业,'000860
精艺股份,'002295
华邦健康,'002004
花园生物,'300401
昊志机电,'300503
温州宏丰,'300283
金现代,'300830
光洋股份,'002708
泰格医药,'300347
红日药业,'300026
东江环保,'002672
晶瑞股份,'300655
道恩股份,'002838
鹭燕医药,'002788
华东数控,'002248
湖南发展,'000722
华西能源,'002630
扬子新材,'002652
积成电子,'002339
健帆生物,'300529
信息发展,'300469
双环传动,'002472
启明星辰,'002439
启迪古汉,'000590
奥克股份,'300082
特 尔 佳,'002213
诚益通,'300430
远方信息,'300306
易成新能,'300080
金陵药业,'000919
正丹股份,'300641
红 宝 丽,'002165
融钰集团,'002622
高德红外,'002414
威华股份,'002240
天喻信息,'300205
华锋股份,'002806
绿景控股,'000502
众信旅游,'002707
沙河股份,'000014
ST宇顺,'002289
海翔药业,'002099
三川智慧,'300066
华斯股份,'002494
深天地Ａ,'000023
美吉姆,'002621
顺钠股份,'000533
ST云投,'002200
国城矿业,'000688
新大正,'002968
国瓷材料,'300285
金岭矿业,'000655
珠海港,'000507
佳电股份,'000922
鲁阳节能,'002088
向日葵,'300111
华昌达,'300278
皇氏集团,'002329
泰和新材,'002254
西部材料,'002149
鸿达兴业,'002002
中航电测,'300114
机器人,'300024
中钢天源,'002057
派生科技,'300176
云南能投,'002053
中信海直,'000099
中国武夷,'000797
南 京 港,'002040
远兴能源,'000683
普利特,'002324
飞天诚信,'300386
当升科技,'300073
大连电瓷,'002606
钢研纳克,'300797
泰和科技,'300801
翔鹭钨业,'002842
晨光生物,'300138
永安药业,'002365
*ST大港,'002077
农 产 品,'000061
瑞玛工业,'002976
森远股份,'300210
海特生物,'300683
兴民智通,'002355
南洋股份,'002212
融捷健康,'300247
金刚玻璃,'300093
濮耐股份,'002225
铁汉生态,'300197
高争民爆,'002827
永太科技,'002326
东诚药业,'002675
中建环能,'300425
红 太 阳,'000525
航新科技,'300424
星期六,'002291
同兴达,'002845
山东矿机,'002526
朗姿股份,'002612
鲁亿通,'300423
徐工机械,'000425
中兴商业,'000715
利安隆,'300596
宏达电子,'300726
测绘股份,'300826
金信诺,'300252
新宏泽,'002836
ST科迪,'002770
东华科技,'002140
伊之密,'300415
奥美医疗,'002950
中色股份,'000758
韶钢松山,'000717
跨境通,'002640
英科医疗,'300677
南华仪器,'300417
柏堡龙,'002776
科恒股份,'300340
永清环保,'300187
襄阳轴承,'000678
利德曼,'300289
大康农业,'002505
威孚高科,'000581
四川双马,'000935
兴源环境,'300266
ST云网,'002306
合纵科技,'300477
青岛金王,'002094
成飞集成,'002190
中钢国际,'000928
金科股份,'000656
万集科技,'300552
全信股份,'300447
美好置业,'000667
英可瑞,'300713
锦浪科技,'300763
悦心健康,'002162
京蓝科技,'000711
中金环境,'300145
三全食品,'002216
众合科技,'000925
通化金马,'000766
立华股份,'300761
朗源股份,'300175
康斯特,'300445
燕京啤酒,'000729
长青股份,'002391
新雷能,'300593
长江健康,'002435
泰山石油,'000554
西仪股份,'002265
*ST新光,'002147
透景生命,'300642
华夏航空,'002928
云南白药,'000538
中公教育,'002607
英联股份,'002846
靖远煤电,'000552
中航光电,'002179
金 螳 螂,'002081
誉衡药业,'002437
宜昌交运,'002627
科顺股份,'300737
英飞特,'300582
英洛华,'000795
宝德股份,'300023
得利斯,'002330
华策影视,'300133
金智科技,'002090
中科信息,'300678
腾邦国际,'300178
中 关 村,'000931
卫星石化,'002648
麦格米特,'002851
京基智农,'000048
华润三九,'000999
纳川股份,'300198
航天科技,'000901
中航机电,'002013
双汇发展,'000895
欧比特,'300053
浩洋股份,'300833
长安汽车,'000625
美晨生态,'300237
科大国创,'300520
新美星,'300509
广济药业,'000952
高澜股份,'300499
维信诺,'002387
垒知集团,'002398
晨鸣纸业,'000488
桂发祥,'002820
佳沃股份,'300268
仙乐健康,'300791
章源钨业,'002378
先河环保,'300137
爱朋医疗,'300753
中来股份,'300393
南方汇通,'000920
协鑫集成,'002506
泸州老窖,'000568
合兴包装,'002228
创世纪,'300083
金通灵,'300091
*ST沈机,'000410
新洋丰,'000902
江苏国信,'002608
海普瑞,'002399
宝色股份,'300402
三湘印象,'000863
凯普生物,'300639
新界泵业,'002532
青青稞酒,'002646
新纶科技,'002341
中电兴发,'002298
奥马电器,'002668
*ST东科,'000727
亚光科技,'300123
银河磁体,'300127
赛为智能,'300044
欣龙控股,'000955
润都股份,'002923
中超控股,'002471
中颖电子,'300327
万泽股份,'000534
美邦服饰,'002269
富临运业,'002357
ST凯瑞,'002072
元力股份,'300174
格力电器,'000651
昇兴股份,'002752
深南电A,'000037
*ST仁智,'002629
同德化工,'002360
西部牧业,'300106
中信特钢,'000708
神思电子,'300479
博创科技,'300548
诺 普 信,'002215
酷特智能,'300840
汉邦高科,'300449
康跃科技,'300391
准油股份,'002207
万里扬,'002434
康弘药业,'002773
西部创业,'000557
东岳硅材,'300821
尔康制药,'300267
道氏技术,'300409
华英农业,'002321
赞宇科技,'002637
德美化工,'002054
九强生物,'300406
万方发展,'000638
中船应急,'300527
*ST胜利,'002426
惠伦晶体,'300460
威 尔 泰,'002058
安宁股份,'002978
煌上煌,'002695
友邦吊顶,'002718
模塑科技,'000700
华联股份,'000882
ST中捷,'002021
潍柴动力,'000338
江铃汽车,'000550
凯发电气,'300407
仁和药业,'000650
山大华特,'000915
嘉寓股份,'300117
飞龙股份,'002536
北新路桥,'002307
恒泰艾普,'300157
洽洽食品,'002557
玉禾田,'300815
苏 泊 尔,'002032
天桥起重,'002523
国光股份,'002749
赣能股份,'000899
四川九洲,'000801
金圆股份,'000546
英 力 特,'000635
益生股份,'002458
东阿阿胶,'000423
富春环保,'002479
中国重汽,'000951
奥飞娱乐,'002292
银邦股份,'300337
中材科技,'002080
ST八菱,'002592
迈为股份,'300751
慈文传媒,'002343
金固股份,'002488
中集集团,'000039
云海金属,'002182
航天发展,'000547
三角防务,'300775
南都电源,'300068
恒锋工具,'300488
金力永磁,'300748
阿尔特,'300825
中简科技,'300777
浙富控股,'002266
富通鑫茂,'000836
和胜股份,'002824
吉电股份,'000875
理工环科,'002322
中原环保,'000544
ST加加,'002650
迪安诊断,'300244
海南高速,'000886
龙磁科技,'300835
中鼎股份,'000887
天壕环境,'300332
圣农发展,'002299
光线传媒,'300251
航发控制,'000738
凯中精密,'002823
航锦科技,'000818
海康威视,'002415
量子生物,'300149
奥赛康,'002755
西陇科学,'002584
奥特佳,'002239
大亚圣象,'000910
中百集团,'000759
一心堂,'002727
中孚信息,'300659
三聚环保,'300072
博汇股份,'300839
北大医药,'000788
博深股份,'002282
炼石航空,'000697
开元股份,'300338
宝鼎科技,'002552
铂科新材,'300811
许继电气,'000400
华通医药,'002758
三圣股份,'002742
我爱我家,'000560
千红制药,'002550
亿联网络,'300628
中恒电气,'002364
星网宇达,'002829
正海磁材,'300224
天箭科技,'002977
贝肯能源,'002828
*ST麦趣,'002719
易华录,'300212
华信新材,'300717
三 力 士,'002224
世荣兆业,'002016
酒鬼酒,'000799
金冠股份,'300510
海欣食品,'002702
海南瑞泽,'002596
弘宇股份,'002890
通裕重工,'300185
华民股份,'300345
新疆交建,'002941
高新发展,'000628
恒基达鑫,'002492
福建金森,'002679
粤电力Ａ,'000539
延安必康,'002411
中钨高新,'000657
兴化股份,'002109
长春高新,'000661
华测检测,'300012
*ST新海,'002089
保利联合,'002037
双成药业,'002693
安达维尔,'300719
格林美,'002340
澳洋顺昌,'002245
天康生物,'002100
沃特股份,'002886
天海防务,'300008
龙大肉食,'002726
烽火电子,'000561
哈三联,'002900
上海瀚讯,'300762
三木集团,'000632
民和股份,'002234
合肥城建,'002208
雄塑科技,'300599
因赛集团,'300781
华测导航,'300627
艾可蓝,'300816
华谊兄弟,'300027
双鹭药业,'002038
一汽解放,'000800
双飞股份,'300817
特发信息,'000070
亚玛顿,'002623
中泰股份,'300435
兄弟科技,'002562
如意集团,'002193
*ST海陆,'002255
木林森,'002745
新 希 望,'000876
中泰化学,'002092
信隆健康,'002105
宏达新材,'002211
*ST长动,'000835
华录百纳,'300291
探路者,'300005
博雅生物,'300294
海南海药,'000566
中航飞机,'000768
金逸影视,'002905
丽珠集团,'000513
尚品宅配,'300616
鲁  泰Ａ,'000726
九阳股份,'002242
通合科技,'300491
克明面业,'002661
*ST林重,'002535
久立特材,'002318
天邦股份,'002124
博世科,'300422
普丽盛,'300442
登云股份,'002715
华图山鼎,'300492
北化股份,'002246
*ST天夏,'000662
北摩高科,'002985
国际实业,'000159
海峡股份,'002320
雪浪环境,'300385
晨曦航空,'300581
永高股份,'002641
神农科技,'300189
四会富仕,'300852
宏大爆破,'002683
广聚能源,'000096
锦盛新材,'300849
合肥百货,'000417
北鼎股份,'300824
创维数字,'000810
富春股份,'300299
雷赛智能,'002979
山河智能,'002097
科伦药业,'002422
精锻科技,'300258
大连重工,'002204
新华制药,'000756
*ST同洲,'002052
舒泰神,'300204
长鹰信质,'002664
中密控股,'300470
爱康科技,'002610
达志科技,'300530
华联控股,'000036
中信出版,'300788
精华制药,'002349
海格通信,'002465
*ST江特,'002176
安科生物,'300009
云图控股,'002539
大北农,'002385
华宝股份,'300741
普利制药,'300630
万里石,'002785
必创科技,'300667
建科院,'300675
阳谷华泰,'300121
达安基因,'002030
新天药业,'002873
苏试试验,'300416
钧达股份,'002865
万向钱潮,'000559
先锋新材,'300163
招商积余,'001914
*ST当代,'000673
中海达,'300177
光威复材,'300699
司尔特,'002538
华大基因,'300676
京粮控股,'000505
美芝股份,'002856
佩蒂股份,'300673
新研股份,'300159
华峰氨纶,'002064
西王食品,'000639
海南发展,'002163
凯美特气,'002549
新华联,'000620
海印股份,'000861
露天煤业,'002128
日科化学,'300214
丰乐种业,'000713
唐德影视,'300426
蒙娜丽莎,'002918
罗 牛 山,'000735
中潜股份,'300526
*ST河化,'000953
承德露露,'000848
蓝英装备,'300293
御家汇,'300740
洋河股份,'002304
*ST恒康,'002219
维尔利,'300190
九洲集团,'300040
神剑股份,'002361
盛通股份,'002599
杰瑞股份,'002353
青岛中程,'300208
大东海A,'000613
中南建设,'000961
越博动力,'300742
东凌国际,'000893
捷安高科,'300845
唐人神,'002567
美年健康,'002044
仙琚制药,'002332
大金重工,'002487
汉钟精机,'002158
潜能恒信,'300191
劲嘉股份,'002191
众兴菌业,'002772
华菱钢铁,'000932
全通教育,'300359
史丹利,'002588
艾德生物,'300685
珠江啤酒,'002461
登海种业,'002041
新宝股份,'002705
帝科股份,'300842
浙江力诺,'300838
齐翔腾达,'002408
泰永长征,'002927
天奥电子,'002935
康达新材,'002669
五矿稀土,'000831
青鸟消防,'002960
美瑞新材,'300848
利欧股份,'002131
交大思诺,'300851
以岭药业,'002603
亿帆医药,'002019
天舟文化,'300148
台海核电,'002366
华盛昌,'002980
深粮控股,'000019
福瑞股份,'300049
仙坛股份,'002746
康拓红外,'300455
瑞丰高材,'300243
天汽模,'002510
莱美药业,'300006
*ST长城,'002071
龙星化工,'002442
雷科防务,'002413
海辰药业,'300584
顺威股份,'002676
迦南科技,'300412
*ST华讯,'000687
中科海讯,'300810
华凯创意,'300592
世嘉科技,'002796
华力创通,'300045
汉森制药,'002412
天银机电,'300342
贝瑞基因,'000710
*ST银亿,'000981
金河生物,'002688
海航投资,'000616
山东赫达,'002810
哈工智能,'000584
旺能环境,'002034
埃斯顿,'002747
分众传媒,'002027
黔源电力,'002039
美亚光电,'002690
华东重机,'002685
汉宇集团,'300403
锦鸡股份,'300798
迈克生物,'300463
卫光生物,'002880
天山生物,'300313
沈阳化工,'000698
国际医学,'000516
汇中股份,'300371
保龄宝,'002286
硅宝科技,'300019
合众思壮,'002383
绿茵生态,'002887
迪瑞医疗,'300396
韶能股份,'000601
道道全,'002852
启明信息,'002232
长海股份,'300196
康泰生物,'300601
新乳业,'002946
钢研高纳,'300034
振芯科技,'300101
天宝退,'002220
森马服饰,'002563
冀凯股份,'002691
双林生物,'000403
恒邦股份,'002237
恩华药业,'002262
*ST猛狮,'002684
名雕股份,'002830
新余国科,'300722
航天彩虹,'002389
恒华科技,'300365
道明光学,'002632
亚太实业,'000691
双象股份,'002395
康龙化成,'300759
山东海化,'000822
*ST乐通,'002319
*ST东洋,'002086
ST圣莱,'002473
宝通科技,'300031
ST安凯,'000868
海顺新材,'300501
苏宁易购,'002024
北陆药业,'300016
振华科技,'000733
寒锐钴业,'300618
天迈科技,'300807
